2026-09-24T13:11:25Z,"WHY MEN CHOOSE SOLUTIONS OVER SYMPATHY",factcheck=pass,buffer=skipped,youtube=skipped
2026-09-24T13:43:26Z,"WHY MEN GIVE MORE THAN THEY TAKE",factcheck=minor_issues,buffer=skipped,youtube=skipped
2026-09-24T20:09:51Z,"WHY MEN FEEL THEY MUST PROVIDE",factcheck=pass,buffer=success,youtube=skipped
2026-09-25T15:30:30Z,"WHY MEN SHOW LOVE THROUGH ACTIONS",factcheck=minor_issues,buffer=success,youtube=skipped
2026-09-25T20:10:51Z,"MEN AND PURPOSE: UNLOCKING THE TRUTH",factcheck=pass,buffer=success,youtube=skipped
2026-09-26T14:43:55Z,"RESPECT MATTERS MORE THAN YOU THINK",factcheck=pass,buffer=success,youtube=skipped
2026-09-26T19:23:02Z,"WHY MEN FEAR BEING A BURDEN",factcheck=pass,buffer=success,youtube=skipped
2026-09-27T15:17:09Z,"WHY MEN HIDE THEIR STRESS",factcheck=pass,buffer=success,youtube=skipped
2026-09-27T19:54:15Z,"WHY MEN STRUGGLE WITH TRUST",factcheck=pass,buffer=success,youtube=skipped
2026-09-28T18:18:37Z,"WHY MEN GROW UP TOO FAST",factcheck=error,buffer=success,youtube=skipped
2026-09-28T22:18:49Z,"LONELINESS IN A CROWD: WHY MEN FEEL ALONE",factcheck=pass,buffer=success,youtube=skipped
2026-09-29T16:40:48Z,"WHY MEN STRUGGLE TO OPEN UP",factcheck=pass,buffer=success,youtube=skipped
2026-09-29T21:03:06Z,"WHY MEN STRUGGLE TO TREAT THEMSELVES",factcheck=pass,buffer=success,youtube=skipped
2026-09-30T16:33:18Z,"WHY MEN CARRY RESPONSIBILITY SILENTLY",factcheck=pass,buffer=success,youtube=skipped
2026-09-30T21:02:00Z,"MEN NEED SOLITUDE TO RECHARGE",factcheck=pass,buffer=success,youtube=skipped
2026-10-01T17:25:37Z,"WHY MEN PULL AWAY WHEN OVERWHELMED",factcheck=pass,buffer=success,youtube=skipped
2026-10-01T21:17:59Z,"WHY MEN OFTEN KEEP QUIET",factcheck=pass,buffer=success,youtube=skipped
2026-10-02T16:23:52Z,"WHY MEN VALUE WHAT THEY PROVIDE",factcheck=pass,buffer=success,youtube=skipped
2026-10-02T20:57:46Z,"WHY MEN FEEL THEY MUST PROVIDE",factcheck=pass,buffer=success,youtube=skipped
2026-10-03T14:52:32Z,"WHY MEN STRUGGLE TO ASK FOR HELP",factcheck=skipped_no_claims,buffer=success,youtube=skipped
2026-10-03T19:25:25Z,"MEN AND PURPOSE: A DEEPER LOOK",factcheck=skipped_no_claims,buffer=success,youtube=skipped
2026-10-04T04:03:12Z,"WHY MEN VALUE RESPECT AS MUCH AS AFFECTION",factcheck=skipped_no_claims,buffer=skipped,youtube=skipped
2026-10-04T18:05:47Z,"WHY MEN FEAR BEING A BURDEN",factcheck=skipped_no_claims,buffer=success,youtube=skipped
2026-10-06T19:24:21Z,"WHY MEN KEEP THEIR CIRCLE SMALL",factcheck=skipped_no_claims,buffer=success,youtube=skipped
