2026-09-24T13:17:50Z,"POWER IS GIVEN BY ATTENTION",factcheck=pass,buffer=skipped,youtube=skipped
2026-09-24T13:41:11Z,"THINK BEFORE YOU SPEAK",factcheck=pass,buffer=skipped,youtube=skipped
2026-09-24T21:46:17Z,"CONSISTENCY TRUMPS INTENSITY IN INFLUENCE",factcheck=pass,buffer=success,youtube=skipped
2026-09-25T17:30:12Z,"THE CALM PERSON HOLDS THE POWER",factcheck=pass,buffer=success,youtube=skipped
2026-09-25T21:49:17Z,"WHY CALMNESS WINS TRUST",factcheck=pass,buffer=success,youtube=skipped
2026-09-26T16:38:29Z,"EMOTIONAL CONTROL IS TRUE STRENGTH",factcheck=pass,buffer=success,youtube=skipped
2026-09-26T21:27:55Z,"CONFIDENCE WINS, NOT VOLUME",factcheck=pass,buffer=success,youtube=skipped
2026-09-27T17:12:16Z,"THE QUIET TRUTH ABOUT POWER",factcheck=pass,buffer=success,youtube=skipped
2026-09-27T21:35:13Z,"RESPECT: EARN IT, DON'T DEMAND IT",factcheck=pass,buffer=success,youtube=skipped
2026-09-28T19:51:16Z,"WHY CONFIDENT VOICES COMMAND OBEDIENCE",factcheck=pass,buffer=success,youtube=skipped
2026-09-28T23:30:36Z,"DETACHMENT IS YOUR POWERFUL DEFENSE",factcheck=minor_issues,buffer=success,youtube=skipped
2026-09-29T18:17:37Z,"QUIET PEOPLE HOLD MORE POWER THAN YOU THINK",factcheck=pass,buffer=success,youtube=skipped
2026-09-29T22:35:30Z,"THE POWER OF LOSS AVERSION",factcheck=pass,buffer=success,youtube=skipped
2026-09-30T18:08:49Z,"ANGER MAKES YOU WEAKER THAN YOU THINK",factcheck=pass,buffer=success,youtube=skipped
2026-09-30T22:33:41Z,"YOUR ENVIRONMENT SHAPES YOU MORE THAN YOU THINK",factcheck=minor_issues,buffer=success,youtube=skipped
2026-10-01T18:36:10Z,"REACTING GIVES YOUR POWER AWAY",factcheck=minor_issues,buffer=success,youtube=skipped
2026-10-01T22:54:46Z,"WHO REALLY HOLDS THE POWER?",factcheck=pass,buffer=success,youtube=skipped
2026-10-02T18:02:22Z,"NEEDING LESS APPROVAL MEANS MORE POWER",factcheck=pass,buffer=success,youtube=skipped
